{
    "accuracy": {
        "5": {
            "0.0": [
                0.8550403237342834,
                0.10745997516122077
            ],
            "0.05": [
                0.8294354796409606,
                0.10216480649952585
            ],
            "0.1": [
                0.8044354796409607,
                0.1063410412623822
            ],
            "0.15": [
                0.7747983813285828,
                0.11638108404826122
            ],
            "0.2": [
                0.7447580575942994,
                0.11412045671629772
            ],
            "0.25": [
                0.7078629016876221,
                0.12775512351112217
            ]
        },
        "2": {
            "0.0": [
                0.8814516186714172,
                0.03664874063783502
            ],
            "0.05": [
                0.8389112830162049,
                0.02967821285740364
            ],
            "0.1": [
                0.7989919424057007,
                0.030100171777491417
            ],
            "0.15": [
                0.758669376373291,
                0.027086599904716818
            ],
            "0.2": [
                0.7189516186714172,
                0.03090654976746047
            ],
            "0.25": [
                0.6854838609695435,
                0.031825614182974825
            ]
        },
        "10": {
            "0.0": [
                0.8425403118133545,
                0.0650053311783505
            ],
            "0.05": [
                0.8191532373428345,
                0.08307688028466542
            ],
            "0.1": [
                0.7915322542190552,
                0.09447220987963315
            ],
            "0.15": [
                0.7643145203590394,
                0.10554024490257087
            ],
            "0.2": [
                0.7356854796409606,
                0.10471311316578936
            ],
            "0.25": [
                0.7096774220466614,
                0.11742774625394198
            ]
        }
    },
    "f1": {
        "5": {
            "0.0": [
                0.8550403225806452,
                0.10745998717144897
            ],
            "0.05": [
                0.8294354838709678,
                0.10216479077223989
            ],
            "0.1": [
                0.8044354838709677,
                0.10634102834317541
            ],
            "0.15": [
                0.7747983870967743,
                0.11638109820873879
            ],
            "0.2": [
                0.7447580645161291,
                0.11412044870108816
            ],
            "0.25": [
                0.7078629032258064,
                0.12775512766407646
            ]
        },
        "2": {
            "0.0": [
                0.8814516129032258,
                0.036648721496961294
            ],
            "0.05": [
                0.8389112903225806,
                0.02967821915541842
            ],
            "0.1": [
                0.798991935483871,
                0.0301001744778041
            ],
            "0.15": [
                0.7586693548387098,
                0.027086600086746942
            ],
            "0.2": [
                0.7189516129032258,
                0.03090654896979881
            ],
            "0.25": [
                0.6854838709677419,
                0.031825605967237734
            ]
        },
        "10": {
            "0.0": [
                0.8425403225806452,
                0.06500533374802035
            ],
            "0.05": [
                0.8191532258064516,
                0.08307687683158807
            ],
            "0.1": [
                0.7915322580645162,
                0.09447221358834816
            ],
            "0.15": [
                0.7643145161290323,
                0.10554023447745903
            ],
            "0.2": [
                0.7356854838709678,
                0.10471312142164672
            ],
            "0.25": [
                0.7096774193548386,
                0.11742775647745148
            ]
        }
    },
    "embedding_alignment": {
        "5": {
            "0.0": [
                0.957702759678457,
                0.020897043718328446
            ],
            "0.05": [
                0.9566053618867023,
                0.01311525863240093
            ],
            "0.1": [
                0.9566053618867023,
                0.01311525863240093
            ],
            "0.15": [
                0.9566053618867023,
                0.01311525863240093
            ],
            "0.2": [
                0.9566053618867023,
                0.01311525863240093
            ],
            "0.25": [
                0.9566053618867023,
                0.01311525863240093
            ]
        },
        "2": {
            "0.0": [
                0.9672493899309883,
                0.00810656949074475
            ],
            "0.05": [
                0.9625056975886684,
                0.019486266011505198
            ],
            "0.1": [
                0.9625056975886684,
                0.019486266011505198
            ],
            "0.15": [
                0.9625056975886684,
                0.019486266011505198
            ],
            "0.2": [
                0.9625056975886684,
                0.019486266011505198
            ],
            "0.25": [
                0.9625056975886684,
                0.019486266011505198
            ]
        },
        "10": {
            "0.0": [
                0.9459370741859034,
                0.01817964621356516
            ],
            "0.05": [
                0.955483477398231,
                0.013915988224669471
            ],
            "0.1": [
                0.955483477398231,
                0.013915988224669471
            ],
            "0.15": [
                0.955483477398231,
                0.013915988224669471
            ],
            "0.2": [
                0.955483477398231,
                0.013915988224669471
            ],
            "0.25": [
                0.955483477398231,
                0.013915988224669471
            ]
        }
    },
    "topographic_rho": {
        "5": {
            "0.0": [
                0.5666261888963453,
                0.07235672892101082
            ],
            "0.05": [
                0.5292303045932595,
                0.11923147024381234
            ],
            "0.1": [
                0.5100129662350591,
                0.12152417196491726
            ],
            "0.15": [
                0.48810725984461073,
                0.12498082050738812
            ],
            "0.2": [
                0.46466337717532635,
                0.12852130434809098
            ],
            "0.25": [
                0.43870300481778646,
                0.13293535936475107
            ]
        },
        "2": {
            "0.0": [
                0.39132536363168385,
                0.027001817560015334
            ],
            "0.05": [
                0.39078609723367486,
                0.10381706077911827
            ],
            "0.1": [
                0.3595428959441116,
                0.09108067942906502
            ],
            "0.15": [
                0.3272893153667435,
                0.086208509445057
            ],
            "0.2": [
                0.285703682735191,
                0.07547809594555922
            ],
            "0.25": [
                0.24808288145734997,
                0.06577192431188539
            ]
        },
        "10": {
            "0.0": [
                0.48155034046856376,
                0.12407701682917363
            ],
            "0.05": [
                0.49576997579334653,
                0.12334872898081864
            ],
            "0.1": [
                0.4803812267415231,
                0.12158246913498051
            ],