{
    "accuracy": {
        "5": {
            "0.0": [
                85.50403237342834,
                10.74599751612208
            ],
            "0.05": [
                82.94354796409607,
                10.216480649952585
            ],
            "0.1": [
                80.44354796409607,
                10.634104126238219
            ],
            "0.15": [
                77.47983813285828,
                11.638108404826122
            ],
            "0.2": [
                74.47580575942993,
                11.412045671629773
            ],
            "0.25": [
                73.35349520047505,
                6.692899679337286
            ]
        }
    },
    "f1": {
        "5": {
            "0.0": [
                85.50403225806451,
                10.745998717144902
            ],
            "0.05": [
                82.94354838709677,
                10.216479077223985
            ],
            "0.1": [
                80.44354838709677,
                10.634102834317538
            ],
            "0.15": [
                77.47983870967741,
                11.638109820873877
            ],
            "0.2": [
                74.4758064516129,
                11.412044870108817
            ],
            "0.25": [
                73.35349462365592,
                6.692901814896023
            ]
        }
    },
    "embedding_alignment": {
        "5": {
            "0.0": [
                95.77027596784572,
                2.089704371832844
            ],
            "0.05": [
                95.66053618867024,
                1.311525863240098
            ],
            "0.1": [
                95.66053618867024,
                1.311525863240098
            ],
            "0.15": [
                95.66053618867024,
                1.311525863240098
            ],
            "0.2": [
                95.66053618867024,
                1.311525863240098
            ],
            "0.25": [
                95.785451217299,
                2.8591004672180094
            ]
        }
    },
    "topographic_rho": {
        "5": {
            "0.0": [
                0.5666261888963453,
                0.07235672892101082
            ],
            "0.05": [
                0.5292303045932595,
                0.11923147024381234
            ],
            "0.1": [
                0.5100129662350591,
                0.12152417196491726
            ],
            "0.15": [
                0.48810725984461073,
                0.12498082050738812
            ],
            "0.2": [
                0.46466337717532635,
                0.12852130434809098
            ],
            "0.25": [
                0.4019979368334357,
                0.20175094844981503
            ]
        }
    },
    "pos_dis": {
        "5": {
            "0.0": [
                0.1887235775589943,
                0.2422355866994685
            ],
            "0.05": [
                0.2158893823623657,
                0.01838285148490741
            ],
            "0.1": [
                0.20370361506938933,
                0.017531077461737567
            ],
            "0.15": [
                0.19481720328330993,
                0.020983110930397418
            ],
            "0.2": [
                0.1871474027633667,
                0.026307903171356593
            ],
            "0.25": [
                0.17457846303780875,
                0.02301098054963865
            ]
        }
    },
    "bos_dis": {
        "5": {
            "0.0": [
                0.16195014864206314,
                0.09550808657220818
            ],
            "0.05": [
                0.1208760604262352,
                0.03980263700349153
            ],
            "0.1": [
                0.1207807868719101,
                0.03949603949020505
            ],
            "0.15": [
                0.1202388972043991,
                0.04047052303072741
            ],
            "0.2": [
                0.11835881769657135,
                0.03911060092623253
            ],
            "0.25": [
                0.11105650166670482,
                0.07197206487970229
            ]
        }
    },
    "unique_targets": {
        "5": {
            "0.0": [
                989.0,
                0.0
            ],
            "0.05": [
                989.0,
                0.0
            ],
            "0.1": [
                989.0,
                0.0
            ],
            "0.15": [
                989.0,
                0.0
            ],
            "0.2": [
                989.0,
                0.0
            ],
            "0.25": [
                989.0,
                0.0
            ]
        }
    },
    "unique_msg": {
        "5": {
            "0.0": [
                81.0,
                50.56637568519272
            ],
            "0.05": [
                207.8,
                134.35642155999963
            ],
            "0.1": [
                266.4,
                164.15953270307224
            ],
            "0.15": [
                308.0,
                183.8899770157771
            ],
            "0.2": [
                343.0,
                189.5216152939629
            ],
            "0.25": [
                451.6666666666667,
                345.68214078706796
            ]
        }
    },
    "unique_msg_no_noise": {
        "5": {
            "0.0": [
                81.0,
                50.56637568519272
            ],
            "0.05": [
                105.6,
                109.8209516023284
            ],
            "0.1": [
                105.6,
                109.8209516023284
            ],
            "0.15": [
                105.6,
                109.8209516023284
            ],
            "0.2": [
                105.6,
                109.8209516023284
            ],
            "0.25": [
                142.66666666666666,
                254.41904102860894
            ]
        }
    }
}