phase,loss,accuracy,length,lexicon_size,alignment
train,1.6201907396316528,19.996240615844727,1.0503545999526978,1520,
val,1.619368553161621,20.362903594970703,1.0,1,46.805191337778275
val (no noise),1.619368553161621,20.362903594970703,1.0,1,46.805191337778275
